use bootcoin

go
insert into Users
values
	('e6e0b714-ab17-40c4-bf49-a9c94d9a4433', 'merchant', 'merchant@root.com', 'JyO0fNvjsi;:JiSjgj;KJIU923asJK::', 'Merchant', 0)

insert into Profiles
values
	(NEWID(), '', NULL, '', '', '', '', 'e6e0b714-ab17-40c4-bf49-a9c94d9a4433')

go 

insert into Users
values 
	('df0f35ef-9790-4e90-a2f3-a8399d85ffad', 'razor', 'razor@gmail.com', '123', 'Admin', 0),
	('c870d433-dfba-4bc9-9d83-1169471daf07', 'velvet', 'velvet@gmail.com', '1234', 'Admin', 0),
	('4a2c0ee9-a422-4b62-80b9-b098672199f5', 'razorvelvet', 'razorvelvet@gmail.com', '123', 'Admin', 0)

insert into Profiles
values
	(NEWID(), '', NULL, '', '', '', '', 'df0f35ef-9790-4e90-a2f3-a8399d85ffad'),
	(NEWID(), '', NULL, '', '', '', '', 'c870d433-dfba-4bc9-9d83-1169471daf07'),
	(NEWID(), '', NULL, '', '', '', '', '4a2c0ee9-a422-4b62-80b9-b098672199f5')

go

insert into Users
values
	('84467d5d-843b-41f3-8146-fd76e298587b', 'orely', 'orely@gmail.com', '1234', 'Participant', 0),
	('e696370a-69b8-4742-a6c6-2f33057bf5d5', 'teddy', 'teddy@gmail.com', '123'	, 'Participant', 0),
	('730d03a2-c4b3-4be3-ac3b-57f1acb5ea3d', 'beta', 'beta@gmail.com', '123', 'Participant', 0),
	('c108add8-c40d-4fb5-8d7b-f948091856b2', 'alpha', 'alpha@gmail.com', '1234', 'Participant', 0),
	('2eb19b63-0d57-4201-b8f6-15a2bb9ebc9a', 'omega', 'omega@gmail.com', '123', 'Participant', 0),
	('e73d2348-c324-41bf-bd94-abc5a4b43529', 'theta', 'theta@gmail.com', '1234', 'Participant', 0),
	('adb9f128-c310-48db-8e9f-aa66c07d77b5' , 'wendy', 'wendy@gmail.com', '123', 'Participant', 0),
	('425ce891-9fc4-4393-b29b-d220e75a89e7' , 'manny', 'manny@gmail.com', '1234', 'Participant', 0),
	('1b6c06ce-1d7b-4090-971c-6d52c145cac8' , 'user', 'user@gmail.com', '123', 'Participant', 0),
	('fa8f2a8a-1102-4ac9-897a-1a11cb877607' , 'penny', 'penny@gmail.com', '1234', 'Participant', 0),
	('7b682342-651c-47d8-bdc5-d8c0fb34ee36' , 'kenny', 'kenny@gmail.com', '123', 'Participant', 0),
	('d614db62-e5b9-4913-96a0-998c3b571391' , 'yelly', 'yelly@gmail.com', '1234', 'Participant', 0),
	('8b102f21-9e8b-4576-84a4-0eac5b63fdf3' , 'elly', 'elly@gmail.com', '1234', 'Participant', 0),
	('8f2c75b6-c33e-4ebd-9b98-a1680a2b2fcd' , 'Andy', 'andy@gmail.com', '1234', 'Participant', 0),
	('b4273518-9bd4-476d-b8bc-787cada6ea38' , 'venny', 'venny@gmail.com', '123', 'Participant', 0),
	('0d88048a-9637-419e-9254-00a01377f964' , 'fenny', 'fenny@gmail.com', '123', 'Participant', 0),
	('68dd35ed-49cb-403b-89e4-53d3e6a76510' , 'jenny', 'jenny@gmail.com', '1234', 'Participant', 0),
	('e5c6a766-ff62-448f-ae13-02f82dcddcc0' , 'lenny', 'lenny@gmail.com', '123', 'Participant', 0),
	('c79e4f8e-138c-4ae8-a6b5-839ffe81637a' , 'sally', 'sally@gmail.com', '123', 'Participant', 0),
	('45d6f7d9-9373-4e40-af5e-bb799fa74e71' , 'ranny', 'ranny@gmail.com', '1234', 'Participant', 0),
	('6ea4cb39-4124-4cdd-a877-e62b86711cf8' , 'gary', 'gary@gmail.com', '1234', 'Participant', 0),
	('f08f6a44-b2da-4ee4-a58c-439d7bb610e5' , 'gamma', 'gamma@gmail.com', '1234', 'Participant', 0),
	('cf4aab22-7c09-4f14-89ae-7af7691098f8' , 'quinny', 'quinny@gmail.com', '123', 'Participant', 0),
	('7a4d2f5b-2d79-4d8d-b8b5-def36908a30f' , 'nancy', 'nancy@gmail.com', '1234', 'Participant', 0),
	('29655c9f-cd5c-4afd-a1d2-1d373616622e' , 'cindy', 'cindy@gmail.com', '1234', 'Participant', 0),
	('26d527e8-cbef-4a60-a057-fcf549ac6e58' , 'budy', 'budy@gmail.com', '123', 'Participant', 0),
	('3306f55a-6bfa-466b-a558-200fcd1d13be' , 'ivany', 'ivany@gmail.com', '123', 'Participant', 0),
	('74efe561-0e2f-4401-a81f-6934f0c86033' , 'denny', 'denny@gmail.com', '1234', 'Participant', 0),
	('6bd97b1f-af97-4027-ae59-078c99436c11' , 'Unity', 'unity@gmail.com', '1234', 'Participant', 0),
	('dad5fc12-17f4-4ba0-aaf4-840d0dbb0ca6' , 'harry', 'harry@gmail.com', '123', 'Participant', 0),
	('7fd61ce7-a04e-40f7-b164-fe0ee9e8b8a4' , 'xacky', 'xacky@gmail.com', '123', 'Participant', 0),
	('491601bd-4d1e-4fca-838b-5ef06e39bbf7' , 'zelly', 'zelly@gmail.com', '1234', 'Participant', 0)

insert into Profiles
values
	(NEWID(), '', NULL, '', '', '', '' , '84467d5d-843b-41f3-8146-fd76e298587b'),
	(NEWID(), '', NULL, '', '', '', '' , 'e696370a-69b8-4742-a6c6-2f33057bf5d5'),
	(NEWID(), '', NULL, '', '', '', '' , '730d03a2-c4b3-4be3-ac3b-57f1acb5ea3d'),
	(NEWID(), '', NULL, '', '', '', '' , 'c108add8-c40d-4fb5-8d7b-f948091856b2'),
	(NEWID(), '', NULL, '', '', '', '' , '2eb19b63-0d57-4201-b8f6-15a2bb9ebc9a'),
	(NEWID(), '', NULL, '', '', '', '' , 'e73d2348-c324-41bf-bd94-abc5a4b43529'),
	(NEWID(), '', NULL, '', '', '', '' , 'adb9f128-c310-48db-8e9f-aa66c07d77b5'),
	(NEWID(), '', NULL, '', '', '', '' , '425ce891-9fc4-4393-b29b-d220e75a89e7'),
	(NEWID(), '', NULL, '', '', '', '' , '1b6c06ce-1d7b-4090-971c-6d52c145cac8'),
	(NEWID(), '', NULL, '', '', '', '' , 'fa8f2a8a-1102-4ac9-897a-1a11cb877607'),
	(NEWID(), '', NULL, '', '', '', '' , '7b682342-651c-47d8-bdc5-d8c0fb34ee36'),
	(NEWID(), '', NULL, '', '', '', '' , 'd614db62-e5b9-4913-96a0-998c3b571391'),
	(NEWID(), '', NULL, '', '', '', '' , '8b102f21-9e8b-4576-84a4-0eac5b63fdf3'),
	(NEWID(), '', NULL, '', '', '', '' , '8f2c75b6-c33e-4ebd-9b98-a1680a2b2fcd'),
	(NEWID(), '', NULL, '', '', '', '' , 'b4273518-9bd4-476d-b8bc-787cada6ea38'),
	(NEWID(), '', NULL, '', '', '', '' , '0d88048a-9637-419e-9254-00a01377f964'),
	(NEWID(), '', NULL, '', '', '', '' , '68dd35ed-49cb-403b-89e4-53d3e6a76510'),
	(NEWID(), '', NULL, '', '', '', '' , 'e5c6a766-ff62-448f-ae13-02f82dcddcc0'),
	(NEWID(), '', NULL, '', '', '', '' , 'c79e4f8e-138c-4ae8-a6b5-839ffe81637a'),
	(NEWID(), '', NULL, '', '', '', '' , '45d6f7d9-9373-4e40-af5e-bb799fa74e71'),
	(NEWID(), '', NULL, '', '', '', '' , '6ea4cb39-4124-4cdd-a877-e62b86711cf8'),
	(NEWID(), '', NULL, '', '', '', '' , 'f08f6a44-b2da-4ee4-a58c-439d7bb610e5'),
	(NEWID(), '', NULL, '', '', '', '' , 'cf4aab22-7c09-4f14-89ae-7af7691098f8'),
	(NEWID(), '', NULL, '', '', '', '' , '7a4d2f5b-2d79-4d8d-b8b5-def36908a30f'),
	(NEWID(), '', NULL, '', '', '', '' , '29655c9f-cd5c-4afd-a1d2-1d373616622e'),
	(NEWID(), '', NULL, '', '', '', '' , '26d527e8-cbef-4a60-a057-fcf549ac6e58'),
	(NEWID(), '', NULL, '', '', '', '' , '3306f55a-6bfa-466b-a558-200fcd1d13be'),
	(NEWID(), '', NULL, '', '', '', '' , '74efe561-0e2f-4401-a81f-6934f0c86033'),
	(NEWID(), '', NULL, '', '', '', '' , '6bd97b1f-af97-4027-ae59-078c99436c11'),
	(NEWID(), '', NULL, '', '', '', '' , 'dad5fc12-17f4-4ba0-aaf4-840d0dbb0ca6'),
	(NEWID(), '', NULL, '', '', '', '' , '7fd61ce7-a04e-40f7-b164-fe0ee9e8b8a4'),
	(NEWID(), '', NULL, '', '', '', '' , '491601bd-4d1e-4fca-838b-5ef06e39bbf7')

go

insert into TransactionHeaders
values
	('f4bc43f4-d57a-478e-a041-e02ed0b5604e', '4a2c0ee9-a422-4b62-80b9-b098672199f5', '730d03a2-c4b3-4be3-ac3b-57f1acb5ea3d', '2000-06-12', 'input'),
	('9e272778-2137-4dc1-be35-cafcb4916c04', 'c870d433-dfba-4bc9-9d83-1169471daf07', '730d03a2-c4b3-4be3-ac3b-57f1acb5ea3d', '2000-09-17', 'input'),
	('6e73f109-ecb6-4cb5-8646-c853306943c7', 'c108add8-c40d-4fb5-8d7b-f948091856b2', 'e6e0b714-ab17-40c4-bf49-a9c94d9a4433', '2000-09-17', 'redeem'),
	('ae6ac862-bdd8-4175-99d2-779202a1a4d1', 'df0f35ef-9790-4e90-a2f3-a8399d85ffad', 'c108add8-c40d-4fb5-8d7b-f948091856b2', '2001-02-18', 'input'),
	('72c0e86c-b545-427c-bf18-93af1ea8dfd0', 'c870d433-dfba-4bc9-9d83-1169471daf07', '730d03a2-c4b3-4be3-ac3b-57f1acb5ea3d', '2001-05-19', 'input'),
	('d2132b05-defd-4ba0-99f2-787767ed5bf4', 'c870d433-dfba-4bc9-9d83-1169471daf07', 'c108add8-c40d-4fb5-8d7b-f948091856b2', '2001-06-19', 'input'),
	('006c44f7-7f80-4c4f-89d5-97d1ca94f6c9', 'df0f35ef-9790-4e90-a2f3-a8399d85ffad', '730d03a2-c4b3-4be3-ac3b-57f1acb5ea3d', '2001-08-11', 'input'),
	('523cbcb6-fa80-404d-917c-c07f9fdb835f', 'c870d433-dfba-4bc9-9d83-1169471daf07', '730d03a2-c4b3-4be3-ac3b-57f1acb5ea3d', '2001-09-13', 'input'),
	('8bce292a-21cb-42e2-b004-66ba165e7849', '2eb19b63-0d57-4201-b8f6-15a2bb9ebc9a', 'e6e0b714-ab17-40c4-bf49-a9c94d9a4433', '2002-08-16', 'redeem'),
	('034df536-9364-4e2d-8d77-86296dcc67a8', 'df0f35ef-9790-4e90-a2f3-a8399d85ffad', '730d03a2-c4b3-4be3-ac3b-57f1acb5ea3d', '2003-02-11', 'input'),
	('6373c083-76fb-4d30-81fe-40515b5ca3a3', 'c870d433-dfba-4bc9-9d83-1169471daf07', 'c108add8-c40d-4fb5-8d7b-f948091856b2', '2003-08-13', 'input'),
	('12111ba2-8aee-45fc-9494-1c1ebf9dcc98', 'c870d433-dfba-4bc9-9d83-1169471daf07', 'c108add8-c40d-4fb5-8d7b-f948091856b2', '2003-09-16', 'input'),
	('a839a68c-0720-478f-8fdc-638ea2be36c4', 'df0f35ef-9790-4e90-a2f3-a8399d85ffad', '730d03a2-c4b3-4be3-ac3b-57f1acb5ea3d', '2004-01-13', 'input'),
	('0860a294-f0fd-42af-8110-c5769983f1fd', '4a2c0ee9-a422-4b62-80b9-b098672199f5', 'c108add8-c40d-4fb5-8d7b-f948091856b2', '2004-07-11', 'input'),
	('960e4001-724d-4138-ba04-eb26ee520a42', 'c108add8-c40d-4fb5-8d7b-f948091856b2', 'e6e0b714-ab17-40c4-bf49-a9c94d9a4433', '2004-09-15', 'redeem'),
	('0aaa4d90-e40c-477e-a5f8-f9a25a97a3d8', 'df0f35ef-9790-4e90-a2f3-a8399d85ffad', 'c108add8-c40d-4fb5-8d7b-f948091856b2', '2005-04-13', 'input'),
	('8f8e93a5-fd8a-46fa-b628-36f6d4db8033', '2eb19b63-0d57-4201-b8f6-15a2bb9ebc9a', 'e6e0b714-ab17-40c4-bf49-a9c94d9a4433', '2005-07-18', 'redeem'),
	('0d07a529-ade0-4f72-9fea-07697ace3832', '4a2c0ee9-a422-4b62-80b9-b098672199f5', 'c108add8-c40d-4fb5-8d7b-f948091856b2', '2005-09-18', 'input'),
	('6a6af7c3-068e-4c95-99de-afdcb35675a1', 'c870d433-dfba-4bc9-9d83-1169471daf07', '730d03a2-c4b3-4be3-ac3b-57f1acb5ea3d', '2005-09-19', 'input'),
	('e70c00cb-2956-40a5-83db-11aeac60f94a', 'c108add8-c40d-4fb5-8d7b-f948091856b2', 'e6e0b714-ab17-40c4-bf49-a9c94d9a4433', '2006-07-12', 'redeem'),
	('651d9b73-1391-425b-bd2f-702589dd58d9', '4a2c0ee9-a422-4b62-80b9-b098672199f5', '2eb19b63-0d57-4201-b8f6-15a2bb9ebc9a', '2006-09-12', 'input'),
	('0e6fe5ec-755c-4f43-b2b1-c99a4901cc0a', 'df0f35ef-9790-4e90-a2f3-a8399d85ffad', '730d03a2-c4b3-4be3-ac3b-57f1acb5ea3d', '2006-09-17', 'input'),
	('18355066-a38d-4b24-bd88-18a8f21c6206', '4a2c0ee9-a422-4b62-80b9-b098672199f5', '2eb19b63-0d57-4201-b8f6-15a2bb9ebc9a', '2007-01-16', 'input'),
	('a47fbce1-5a43-4188-b238-70499259462b', 'c108add8-c40d-4fb5-8d7b-f948091856b2', 'e6e0b714-ab17-40c4-bf49-a9c94d9a4433', '2007-06-19', 'redeem'),
	('5f7ffa0d-ea90-469f-9bfa-a2e669b3b36a', 'df0f35ef-9790-4e90-a2f3-a8399d85ffad', '730d03a2-c4b3-4be3-ac3b-57f1acb5ea3d', '2007-08-18', 'input'),
	('07f4d29b-f022-4168-a09d-d417f7f14669', 'c108add8-c40d-4fb5-8d7b-f948091856b2', 'e6e0b714-ab17-40c4-bf49-a9c94d9a4433', '2007-08-18', 'redeem'),
	('bed7008f-8dac-407f-9fbb-4f537a0a1598', 'c870d433-dfba-4bc9-9d83-1169471daf07', 'c108add8-c40d-4fb5-8d7b-f948091856b2', '2008-04-13', 'input'),
	('158f16a9-c737-4914-aa4c-9dec9f0ff0f3', '2eb19b63-0d57-4201-b8f6-15a2bb9ebc9a', 'e6e0b714-ab17-40c4-bf49-a9c94d9a4433', '2008-08-12', 'redeem'),
	('9bb29f7e-3160-4668-82ef-bbff462d27b1', 'c870d433-dfba-4bc9-9d83-1169471daf07', 'c108add8-c40d-4fb5-8d7b-f948091856b2', '2008-09-14', 'input'),
	('4f62540a-cd2f-4f0d-9132-4b390594492a', 'c870d433-dfba-4bc9-9d83-1169471daf07', '730d03a2-c4b3-4be3-ac3b-57f1acb5ea3d', '2009-06-14', 'input'),
	('9674ef84-805e-4ad1-82e2-24bfd4997b75', 'df0f35ef-9790-4e90-a2f3-a8399d85ffad', '2eb19b63-0d57-4201-b8f6-15a2bb9ebc9a', '2009-07-16', 'input'),
	('4de1760d-c93e-4002-97ae-223997aff957', '4a2c0ee9-a422-4b62-80b9-b098672199f5', '730d03a2-c4b3-4be3-ac3b-57f1acb5ea3d', '2009-09-17', 'input'),
	('d890192c-49cf-4544-a9d3-5f0c23dae1ce', 'c870d433-dfba-4bc9-9d83-1169471daf07', '2eb19b63-0d57-4201-b8f6-15a2bb9ebc9a', '2010-07-14', 'input'),
	('d9cf5da0-8a34-48e7-a6cf-9103a7407a92', '4a2c0ee9-a422-4b62-80b9-b098672199f5', '730d03a2-c4b3-4be3-ac3b-57f1acb5ea3d', '2010-08-15', 'input'),
	('5d2eb452-91fc-4a4e-8f04-21a4c3adfd5c', '4a2c0ee9-a422-4b62-80b9-b098672199f5', '730d03a2-c4b3-4be3-ac3b-57f1acb5ea3d', '2010-09-11', 'input'),
	('839568b3-50f4-4b66-aef3-e4e018cf5ab2', 'c870d433-dfba-4bc9-9d83-1169471daf07', '730d03a2-c4b3-4be3-ac3b-57f1acb5ea3d', '2010-09-13', 'input'),
	('3211d5db-2cb6-4230-894c-5738693145db', 'df0f35ef-9790-4e90-a2f3-a8399d85ffad', 'c108add8-c40d-4fb5-8d7b-f948091856b2', '2011-04-12', 'input'),
	('7cea1114-3c06-4dc4-8cc7-b93784609d2a', '730d03a2-c4b3-4be3-ac3b-57f1acb5ea3d', 'e6e0b714-ab17-40c4-bf49-a9c94d9a4433', '2011-04-15', 'redeem'),
	('a0231c26-77c8-4de9-9274-bdbe77e0f848', 'df0f35ef-9790-4e90-a2f3-a8399d85ffad', 'c108add8-c40d-4fb5-8d7b-f948091856b2', '2011-09-19', 'input'),
	('6c376b2c-3040-41e8-8adb-4ab8470b5737', 'c870d433-dfba-4bc9-9d83-1169471daf07', '730d03a2-c4b3-4be3-ac3b-57f1acb5ea3d', '2012-07-17', 'input'),
	('20241b59-c33d-49c7-a69a-92e295180578', 'df0f35ef-9790-4e90-a2f3-a8399d85ffad', 'c108add8-c40d-4fb5-8d7b-f948091856b2', '2012-09-19', 'input'),
	('c1333559-cb1a-4368-98ac-7d7372401381', 'c108add8-c40d-4fb5-8d7b-f948091856b2', 'e6e0b714-ab17-40c4-bf49-a9c94d9a4433', '2013-01-12', 'redeem'),
	('465b80fc-d096-4bae-9e06-7c839be46af1', '4a2c0ee9-a422-4b62-80b9-b098672199f5', '2eb19b63-0d57-4201-b8f6-15a2bb9ebc9a', '2013-06-14', 'input'),
	('4a2d743d-31c3-4d15-b178-3c9bea02fb09', 'c870d433-dfba-4bc9-9d83-1169471daf07', 'c108add8-c40d-4fb5-8d7b-f948091856b2', '2013-07-13', 'input'),
	('ba4a77a3-1c32-4adc-b6ca-0b2ee94b7c72', 'df0f35ef-9790-4e90-a2f3-a8399d85ffad', 'c108add8-c40d-4fb5-8d7b-f948091856b2', '2013-09-14', 'input'),
	('092689e1-3b7d-4dd9-bdf6-b91680ba6bc0', 'df0f35ef-9790-4e90-a2f3-a8399d85ffad', '730d03a2-c4b3-4be3-ac3b-57f1acb5ea3d', '2014-02-17', 'input'),
	('c5cad5ca-f76d-44c3-b026-f37850d5ea08', 'df0f35ef-9790-4e90-a2f3-a8399d85ffad', 'c108add8-c40d-4fb5-8d7b-f948091856b2', '2014-04-18', 'input'),
	('4ea2767f-f71f-4f37-87fe-aad0957a6562', '730d03a2-c4b3-4be3-ac3b-57f1acb5ea3d', 'e6e0b714-ab17-40c4-bf49-a9c94d9a4433', '2014-05-16', 'redeem'),
	('92cec475-3abd-4671-be4d-b643e547b6c5', 'df0f35ef-9790-4e90-a2f3-a8399d85ffad', '2eb19b63-0d57-4201-b8f6-15a2bb9ebc9a', '2014-08-18', 'input'),
	('475a6994-faf1-4d3c-9449-841e35dc4536', 'c108add8-c40d-4fb5-8d7b-f948091856b2', 'e6e0b714-ab17-40c4-bf49-a9c94d9a4433', '2014-09-19', 'redeem'),
	('ab997966-6fb0-4769-a153-f9c3dab85c58', '2eb19b63-0d57-4201-b8f6-15a2bb9ebc9a', 'e6e0b714-ab17-40c4-bf49-a9c94d9a4433', '2015-01-13', 'redeem'),
	('86ead287-6efb-4906-9f1b-a8a85eb79f1b', '4a2c0ee9-a422-4b62-80b9-b098672199f5', 'c108add8-c40d-4fb5-8d7b-f948091856b2', '2015-03-18', 'input'),
	('9cca342e-5e36-4da3-a017-f3e53e78b4e4', 'df0f35ef-9790-4e90-a2f3-a8399d85ffad', 'c108add8-c40d-4fb5-8d7b-f948091856b2', '2015-04-16', 'input'),
	('0af85270-3b36-495a-959e-068f439ca83f', '4a2c0ee9-a422-4b62-80b9-b098672199f5', '2eb19b63-0d57-4201-b8f6-15a2bb9ebc9a', '2015-05-16', 'input'),
	('5cc31ec4-ffd7-427c-9ff0-cb6294970522', 'c870d433-dfba-4bc9-9d83-1169471daf07', '730d03a2-c4b3-4be3-ac3b-57f1acb5ea3d', '2015-06-17', 'input'),
	('983e182d-0f27-4c38-bea5-29af98d47a60', '2eb19b63-0d57-4201-b8f6-15a2bb9ebc9a', 'e6e0b714-ab17-40c4-bf49-a9c94d9a4433', '2015-06-17', 'redeem'),
	('694fbdaa-1af3-46a2-8b84-bf57238535ba', '4a2c0ee9-a422-4b62-80b9-b098672199f5', '730d03a2-c4b3-4be3-ac3b-57f1acb5ea3d', '2015-09-18', 'input'),
	('04759a7c-ebab-417c-b137-3ac75236346d', 'df0f35ef-9790-4e90-a2f3-a8399d85ffad', 'c108add8-c40d-4fb5-8d7b-f948091856b2', '2016-09-15', 'input'),
	('24a1452a-675f-4f5f-b193-95eaf904c57a', 'c870d433-dfba-4bc9-9d83-1169471daf07', '2eb19b63-0d57-4201-b8f6-15a2bb9ebc9a', '2017-09-12', 'input'),
	('6534c692-8a4c-445f-b741-235a4fe2d2d7', '4a2c0ee9-a422-4b62-80b9-b098672199f5', '2eb19b63-0d57-4201-b8f6-15a2bb9ebc9a', '2017-09-16', 'input'),
	('2b297183-a3e1-4794-b553-b6c31b5e335e', 'c870d433-dfba-4bc9-9d83-1169471daf07', '2eb19b63-0d57-4201-b8f6-15a2bb9ebc9a', '2018-04-14', 'input'),
	('aae7fc08-1fcb-4f11-a694-6f2b7d5ef8d2', '4a2c0ee9-a422-4b62-80b9-b098672199f5', '730d03a2-c4b3-4be3-ac3b-57f1acb5ea3d', '2018-07-18', 'input'),
	('7d40b878-84f6-425e-a8d1-5922e3351f9a', '4a2c0ee9-a422-4b62-80b9-b098672199f5', '2eb19b63-0d57-4201-b8f6-15a2bb9ebc9a', '2018-08-12', 'input'),
	('7e68a526-ce7a-49a5-a3e4-2a8ffe19985f', 'df0f35ef-9790-4e90-a2f3-a8399d85ffad', '2eb19b63-0d57-4201-b8f6-15a2bb9ebc9a', '2018-08-16', 'input'),
	('846fa46d-73ca-411b-a43b-ed00223f46e3', '2eb19b63-0d57-4201-b8f6-15a2bb9ebc9a', 'e6e0b714-ab17-40c4-bf49-a9c94d9a4433', '2018-09-19', 'redeem'),
	('fbcc90e0-5b8d-4d0e-96bc-1aff90ffb655', 'c870d433-dfba-4bc9-9d83-1169471daf07', '2eb19b63-0d57-4201-b8f6-15a2bb9ebc9a', '2018-09-19', 'input'),
	('25250e65-5765-4467-9856-4ca4743122ad', 'df0f35ef-9790-4e90-a2f3-a8399d85ffad', '730d03a2-c4b3-4be3-ac3b-57f1acb5ea3d', '2019-03-16', 'input'),
	('e4a57f12-7692-4650-a47c-5a31ec0f0d2a', 'c870d433-dfba-4bc9-9d83-1169471daf07', '730d03a2-c4b3-4be3-ac3b-57f1acb5ea3d', '2019-09-14', 'input'),
	('baf5df76-0ad8-4f40-971a-eaa5aad18e64', 'df0f35ef-9790-4e90-a2f3-a8399d85ffad', '2eb19b63-0d57-4201-b8f6-15a2bb9ebc9a', '2019-09-16', 'input'),
	('7d9b25b8-ad5c-49d9-bc18-f20b50b01143', 'df0f35ef-9790-4e90-a2f3-a8399d85ffad', '2eb19b63-0d57-4201-b8f6-15a2bb9ebc9a', '2020-08-12', 'input'),
	('43472c60-c970-4b89-a7e6-3ea8a78cf55d', 'c108add8-c40d-4fb5-8d7b-f948091856b2', 'e6e0b714-ab17-40c4-bf49-a9c94d9a4433', '2020-08-16', 'redeem'),
	('43b5698e-fecf-4ec0-9ef8-ea39a8b24407', 'df0f35ef-9790-4e90-a2f3-a8399d85ffad', 'c108add8-c40d-4fb5-8d7b-f948091856b2', '2020-09-19', 'input'),
	('9274880d-7f87-4ca8-9589-35ef6aaab9d1', 'df0f35ef-9790-4e90-a2f3-a8399d85ffad', '2eb19b63-0d57-4201-b8f6-15a2bb9ebc9a', '2021-09-14', 'input'),
	('e8f100bc-7d60-404f-8746-c143f1c9ab86', 'c870d433-dfba-4bc9-9d83-1169471daf07', '2eb19b63-0d57-4201-b8f6-15a2bb9ebc9a', '2022-04-14', 'input'),
	('24d48545-97e2-465b-8e0b-63e874a86ef6', 'c870d433-dfba-4bc9-9d83-1169471daf07', '2eb19b63-0d57-4201-b8f6-15a2bb9ebc9a', '2022-04-15', 'input'),
	('7a04dbcc-451e-4d46-958a-a0673654a3a0', 'df0f35ef-9790-4e90-a2f3-a8399d85ffad', '730d03a2-c4b3-4be3-ac3b-57f1acb5ea3d', '2022-04-19', 'input'),
	('7b55b1be-e9d0-4ab0-baf9-4ef59313b13e', 'df0f35ef-9790-4e90-a2f3-a8399d85ffad', 'c108add8-c40d-4fb5-8d7b-f948091856b2', '2022-09-18', 'input'),
	('f540a0b6-2aa0-4309-9c7c-b24194b3df68', 'c870d433-dfba-4bc9-9d83-1169471daf07', 'c108add8-c40d-4fb5-8d7b-f948091856b2', '2022-09-19', 'input'),
	('7ea43a91-91e9-4d31-bc0e-e15663e142bf', 'df0f35ef-9790-4e90-a2f3-a8399d85ffad', '2eb19b63-0d57-4201-b8f6-15a2bb9ebc9a', '2023-06-18', 'input'),
	('cea9715a-688c-4c96-8a89-f5539c253007', 'df0f35ef-9790-4e90-a2f3-a8399d85ffad', '2eb19b63-0d57-4201-b8f6-15a2bb9ebc9a', '2023-07-15', 'input'),
	('7cec6a3e-4f28-4001-9c76-f44f795fb962', 'df0f35ef-9790-4e90-a2f3-a8399d85ffad', 'c108add8-c40d-4fb5-8d7b-f948091856b2', '2023-08-16', 'input'),
	('c5bca1a6-de84-45b3-a7a1-802acb3ae52d', 'df0f35ef-9790-4e90-a2f3-a8399d85ffad', 'c108add8-c40d-4fb5-8d7b-f948091856b2', '2023-09-16', 'input'),
	('ca1673b7-b217-4ee6-81d5-23bf426fe9f1', '4a2c0ee9-a422-4b62-80b9-b098672199f5', '2eb19b63-0d57-4201-b8f6-15a2bb9ebc9a', '2023-09-16', 'input'),
	('ff40958c-99c9-449a-84c4-cf52d3337d1a', '4a2c0ee9-a422-4b62-80b9-b098672199f5', '2eb19b63-0d57-4201-b8f6-15a2bb9ebc9a', '2024-02-11', 'input'),
	('eb345fa2-a152-4a06-8a0a-6b8183ce1dd3', '4a2c0ee9-a422-4b62-80b9-b098672199f5', 'c108add8-c40d-4fb5-8d7b-f948091856b2', '2024-02-19', 'input'),
	('1694e3c6-1141-45a4-b995-8fa9e95364b1', 'c870d433-dfba-4bc9-9d83-1169471daf07', 'c108add8-c40d-4fb5-8d7b-f948091856b2', '2024-09-19', 'input'),
	('d1c43d17-e1ae-440c-aad7-35cc1f73c01c', 'c870d433-dfba-4bc9-9d83-1169471daf07', '2eb19b63-0d57-4201-b8f6-15a2bb9ebc9a', '2025-06-16', 'input'),
	('69d02ea3-c867-4a01-89a4-d13f84320c87', 'df0f35ef-9790-4e90-a2f3-a8399d85ffad', '730d03a2-c4b3-4be3-ac3b-57f1acb5ea3d', '2025-07-11', 'input'),
	('d8151867-aa4d-4967-9b48-462625f0ed89', 'c870d433-dfba-4bc9-9d83-1169471daf07', '2eb19b63-0d57-4201-b8f6-15a2bb9ebc9a', '2025-09-16', 'input'),
	('90457953-aac6-496d-a430-42cb299360f5', 'c870d433-dfba-4bc9-9d83-1169471daf07', 'c108add8-c40d-4fb5-8d7b-f948091856b2', '2026-08-15', 'input'),
	('fcef499f-d202-4674-bb81-d3ee0563b89e', 'c870d433-dfba-4bc9-9d83-1169471daf07', '730d03a2-c4b3-4be3-ac3b-57f1acb5ea3d', '2027-06-19', 'input'),
	('c1f1eeda-1143-4c52-b84b-71bc638d8761', '4a2c0ee9-a422-4b62-80b9-b098672199f5', 'c108add8-c40d-4fb5-8d7b-f948091856b2', '2027-09-17', 'input'),
	('a28ec4e5-13bc-4556-83df-9d1e75317e3c', '2eb19b63-0d57-4201-b8f6-15a2bb9ebc9a', 'e6e0b714-ab17-40c4-bf49-a9c94d9a4433', '2028-05-18', 'redeem'),
	('de548a8d-123f-4be0-bd44-406059a0e231', 'c870d433-dfba-4bc9-9d83-1169471daf07', 'c108add8-c40d-4fb5-8d7b-f948091856b2', '2028-06-14', 'input'),
	('c3d012c3-33b9-4981-a528-39de3335412e', '4a2c0ee9-a422-4b62-80b9-b098672199f5', '730d03a2-c4b3-4be3-ac3b-57f1acb5ea3d', '2028-07-18', 'input'),
	('026327f3-78b8-4fd3-922b-e331efdf1127', 'c870d433-dfba-4bc9-9d83-1169471daf07', '730d03a2-c4b3-4be3-ac3b-57f1acb5ea3d', '2028-08-17', 'input'),
	('e817d2b9-1be0-4b76-90ac-16f326bb7b18', 'df0f35ef-9790-4e90-a2f3-a8399d85ffad', 'c108add8-c40d-4fb5-8d7b-f948091856b2', '2028-09-12', 'input'),
	('5615f892-7fdc-4722-b1e1-4879243ec39c', '730d03a2-c4b3-4be3-ac3b-57f1acb5ea3d', 'e6e0b714-ab17-40c4-bf49-a9c94d9a4433', '2028-09-16', 'redeem'),
	('52c90522-7bda-42b2-b8be-b6a52a973958', 'c870d433-dfba-4bc9-9d83-1169471daf07', 'c108add8-c40d-4fb5-8d7b-f948091856b2', '2029-09-15', 'input'),
	('9311f11e-984f-4dc8-8014-68b98c74e0dc', 'df0f35ef-9790-4e90-a2f3-a8399d85ffad', '2eb19b63-0d57-4201-b8f6-15a2bb9ebc9a', '2030-06-18', 'input')

insert into TransactionDetails
values
	('f4bc43f4-d57a-478e-a041-e02ed0b5604e', 388, 388),
	('9e272778-2137-4dc1-be35-cafcb4916c04', 266, 654),
	('6e73f109-ecb6-4cb5-8646-c853306943c7', 0, 0),
	('ae6ac862-bdd8-4175-99d2-779202a1a4d1', 364, 364),
	('72c0e86c-b545-427c-bf18-93af1ea8dfd0', -83, 571),
	('d2132b05-defd-4ba0-99f2-787767ed5bf4', 259, 623),
	('006c44f7-7f80-4c4f-89d5-97d1ca94f6c9', 395, 966),
	('523cbcb6-fa80-404d-917c-c07f9fdb835f', 464, 1430),
	('8bce292a-21cb-42e2-b004-66ba165e7849', 0, 0),
	('034df536-9364-4e2d-8d77-86296dcc67a8', 163, 1593),
	('6373c083-76fb-4d30-81fe-40515b5ca3a3', 393, 1016),
	('12111ba2-8aee-45fc-9494-1c1ebf9dcc98', -934, 82),
	('a839a68c-0720-478f-8fdc-638ea2be36c4', -1174, 419),
	('0860a294-f0fd-42af-8110-c5769983f1fd', 452, 534),
	('960e4001-724d-4138-ba04-eb26ee520a42', -437, 97),
	('0aaa4d90-e40c-477e-a5f8-f9a25a97a3d8', -72, 25),
	('8f8e93a5-fd8a-46fa-b628-36f6d4db8033', 0, 0),
	('0d07a529-ade0-4f72-9fea-07697ace3832', 102, 127),
	('6a6af7c3-068e-4c95-99de-afdcb35675a1', -63, 356),
	('e70c00cb-2956-40a5-83db-11aeac60f94a', -54, 73),
	('651d9b73-1391-425b-bd2f-702589dd58d9', 312, 312),
	('0e6fe5ec-755c-4f43-b2b1-c99a4901cc0a', -124, 232),
	('18355066-a38d-4b24-bd88-18a8f21c6206', 211, 523),
	('a47fbce1-5a43-4188-b238-70499259462b', -6, 67),
	('5f7ffa0d-ea90-469f-9bfa-a2e669b3b36a', 188, 420),
	('07f4d29b-f022-4168-a09d-d417f7f14669', -36, 31),
	('bed7008f-8dac-407f-9fbb-4f537a0a1598', 279, 310),
	('158f16a9-c737-4914-aa4c-9dec9f0ff0f3', -286, 237),
	('9bb29f7e-3160-4668-82ef-bbff462d27b1', 25, 335),
	('4f62540a-cd2f-4f0d-9132-4b390594492a', 200, 620),
	('9674ef84-805e-4ad1-82e2-24bfd4997b75', 217, 454),
	('4de1760d-c93e-4002-97ae-223997aff957', 286, 906),
	('d890192c-49cf-4544-a9d3-5f0c23dae1ce', 331, 785),
	('d9cf5da0-8a34-48e7-a6cf-9103a7407a92', -783, 123),
	('5d2eb452-91fc-4a4e-8f04-21a4c3adfd5c', 36, 159),
	('839568b3-50f4-4b66-aef3-e4e018cf5ab2', 293, 452),
	('3211d5db-2cb6-4230-894c-5738693145db', 422, 757),
	('7cea1114-3c06-4dc4-8cc7-b93784609d2a', -116, 336),
	('a0231c26-77c8-4de9-9274-bdbe77e0f848', 334, 1091),
	('6c376b2c-3040-41e8-8adb-4ab8470b5737', -258, 78),
	('20241b59-c33d-49c7-a69a-92e295180578', -478, 613),
	('c1333559-cb1a-4368-98ac-7d7372401381', -345, 268),
	('465b80fc-d096-4bae-9e06-7c839be46af1', -605, 180),
	('4a2d743d-31c3-4d15-b178-3c9bea02fb09', -193, 75),
	('ba4a77a3-1c32-4adc-b6ca-0b2ee94b7c72', 439, 514),
	('092689e1-3b7d-4dd9-bdf6-b91680ba6bc0', 354, 432),
	('c5cad5ca-f76d-44c3-b026-f37850d5ea08', -434, 80),
	('4ea2767f-f71f-4f37-87fe-aad0957a6562', -53, 379),
	('92cec475-3abd-4671-be4d-b643e547b6c5', -117, 63),
	('475a6994-faf1-4d3c-9449-841e35dc4536', -27, 53),
	('ab997966-6fb0-4769-a153-f9c3dab85c58', -43, 20),
	('86ead287-6efb-4906-9f1b-a8a85eb79f1b', 88, 141),
	('9cca342e-5e36-4da3-a017-f3e53e78b4e4', 386, 527),
	('0af85270-3b36-495a-959e-068f439ca83f', 455, 475),
	('5cc31ec4-ffd7-427c-9ff0-cb6294970522', -322, 57),
	('983e182d-0f27-4c38-bea5-29af98d47a60', -7, 468),
	('694fbdaa-1af3-46a2-8b84-bf57238535ba', 330, 387),
	('04759a7c-ebab-417c-b137-3ac75236346d', -516, 11),
	('24a1452a-675f-4f5f-b193-95eaf904c57a', -25, 443),
	('6534c692-8a4c-445f-b741-235a4fe2d2d7', -218, 225),
	('2b297183-a3e1-4794-b553-b6c31b5e335e', -110, 115),
	('aae7fc08-1fcb-4f11-a694-6f2b7d5ef8d2', 285, 672),
	('7d40b878-84f6-425e-a8d1-5922e3351f9a', 214, 329),
	('7e68a526-ce7a-49a5-a3e4-2a8ffe19985f', -190, 139),
	('846fa46d-73ca-411b-a43b-ed00223f46e3', -120, 19),
	('fbcc90e0-5b8d-4d0e-96bc-1aff90ffb655', 81, 100),
	('25250e65-5765-4467-9856-4ca4743122ad', -117, 555),
	('e4a57f12-7692-4650-a47c-5a31ec0f0d2a', -458, 97),
	('baf5df76-0ad8-4f40-971a-eaa5aad18e64', -17, 83),
	('7d9b25b8-ad5c-49d9-bc18-f20b50b01143', 396, 479),
	('43472c60-c970-4b89-a7e6-3ea8a78cf55d', -1, 10),
	('43b5698e-fecf-4ec0-9ef8-ea39a8b24407', 289, 299),
	('9274880d-7f87-4ca8-9589-35ef6aaab9d1', -278, 201),
	('e8f100bc-7d60-404f-8746-c143f1c9ab86', -88, 113),
	('24d48545-97e2-465b-8e0b-63e874a86ef6', 176, 289),
	('7a04dbcc-451e-4d46-958a-a0673654a3a0', -54, 43),
	('7b55b1be-e9d0-4ab0-baf9-4ef59313b13e', 81, 380),
	('f540a0b6-2aa0-4309-9c7c-b24194b3df68', 205, 585),
	('7ea43a91-91e9-4d31-bc0e-e15663e142bf', 119, 408),
	('cea9715a-688c-4c96-8a89-f5539c253007', -346, 62),
	('7cec6a3e-4f28-4001-9c76-f44f795fb962', -124, 461),
	('c5bca1a6-de84-45b3-a7a1-802acb3ae52d', 21, 482),
	('ca1673b7-b217-4ee6-81d5-23bf426fe9f1', 411, 473),
	('ff40958c-99c9-449a-84c4-cf52d3337d1a', -127, 346),
	('eb345fa2-a152-4a06-8a0a-6b8183ce1dd3', -302, 180),
	('1694e3c6-1141-45a4-b995-8fa9e95364b1', 139, 319),
	('d1c43d17-e1ae-440c-aad7-35cc1f73c01c', -248, 98),
	('69d02ea3-c867-4a01-89a4-d13f84320c87', 117, 160),
	('d8151867-aa4d-4967-9b48-462625f0ed89', 67, 165),
	('90457953-aac6-496d-a430-42cb299360f5', 292, 611),
	('fcef499f-d202-4674-bb81-d3ee0563b89e', 327, 487),
	('c1f1eeda-1143-4c52-b84b-71bc638d8761', 262, 873),
	('a28ec4e5-13bc-4556-83df-9d1e75317e3c', -18, 147),
	('de548a8d-123f-4be0-bd44-406059a0e231', -612, 261),
	('c3d012c3-33b9-4981-a528-39de3335412e', -482, 5),
	('026327f3-78b8-4fd3-922b-e331efdf1127', 421, 426),
	('e817d2b9-1be0-4b76-90ac-16f326bb7b18', 309, 570),
	('5615f892-7fdc-4722-b1e1-4879243ec39c', -258, 168),
	('52c90522-7bda-42b2-b8be-b6a52a973958', -85, 485),
	('9311f11e-984f-4dc8-8014-68b98c74e0dc', 222, 369)
