use bootcoin

go
insert into Users
values
	('e6e0b714-ab17-40c4-bf49-a9c94d9a4433', 'merchant', 'merchant@root.com', 'JyO0fNvjsi;:JiSjgj;KJIU923asJK::', 'Merchant', 0)

insert into Profiles
values
	(NEWID(), '', NULL, '', '', '', '', 'e6e0b714-ab17-40c4-bf49-a9c94d9a4433')

go 

insert into Users
values 
	('df0f35ef-9790-4e90-a2f3-a8399d85ffad', 'razor', 'razor@gmail.com', '123', 'Admin', 0),
	('c870d433-dfba-4bc9-9d83-1169471daf07', 'velvet', 'velvet@gmail.com', '1234', 'Admin', 0),
	('4a2c0ee9-a422-4b62-80b9-b098672199f5', 'razorvelvet', 'razorvelvet@gmail.com', '123', 'Admin', 0)

insert into Profiles
values
	(NEWID(), '', NULL, '', '', '', '', 'df0f35ef-9790-4e90-a2f3-a8399d85ffad'),
	(NEWID(), '', NULL, '', '', '', '', 'c870d433-dfba-4bc9-9d83-1169471daf07'),
	(NEWID(), '', NULL, '', '', '', '', '4a2c0ee9-a422-4b62-80b9-b098672199f5')

go

insert into Users
values
	('84467d5d-843b-41f3-8146-fd76e298587b', 'orely', 'orely@gmail.com', '1234', 'Participant', 0),
	('e696370a-69b8-4742-a6c6-2f33057bf5d5', 'teddy', 'teddy@gmail.com', '123'	, 'Participant', 0),
	('730d03a2-c4b3-4be3-ac3b-57f1acb5ea3d', 'beta', 'beta@gmail.com', '123', 'Participant', 0),
	('c108add8-c40d-4fb5-8d7b-f948091856b2', 'alpha', 'alpha@gmail.com', '1234', 'Participant', 0),
	('2eb19b63-0d57-4201-b8f6-15a2bb9ebc9a', 'omega', 'omega@gmail.com', '123', 'Participant', 0),
	('e73d2348-c324-41bf-bd94-abc5a4b43529', 'theta', 'theta@gmail.com', '1234', 'Participant', 0),
	('adb9f128-c310-48db-8e9f-aa66c07d77b5' , 'wendy', 'wendy@gmail.com', '123', 'Participant', 0),
	('425ce891-9fc4-4393-b29b-d220e75a89e7' , 'manny', 'manny@gmail.com', '1234', 'Participant', 0),
	('1b6c06ce-1d7b-4090-971c-6d52c145cac8' , 'user', 'user@gmail.com', '123', 'Participant', 0),
	('fa8f2a8a-1102-4ac9-897a-1a11cb877607' , 'penny', 'penny@gmail.com', '1234', 'Participant', 0),
	('7b682342-651c-47d8-bdc5-d8c0fb34ee36' , 'kenny', 'kenny@gmail.com', '123', 'Participant', 0),
	('d614db62-e5b9-4913-96a0-998c3b571391' , 'yelly', 'yelly@gmail.com', '1234', 'Participant', 0),
	('8b102f21-9e8b-4576-84a4-0eac5b63fdf3' , 'elly', 'elly@gmail.com', '1234', 'Participant', 0),
	('8f2c75b6-c33e-4ebd-9b98-a1680a2b2fcd' , 'Andy', 'andy@gmail.com', '1234', 'Participant', 0),
	('b4273518-9bd4-476d-b8bc-787cada6ea38' , 'venny', 'venny@gmail.com', '123', 'Participant', 0),
	('0d88048a-9637-419e-9254-00a01377f964' , 'fenny', 'fenny@gmail.com', '123', 'Participant', 0),
	('68dd35ed-49cb-403b-89e4-53d3e6a76510' , 'jenny', 'jenny@gmail.com', '1234', 'Participant', 0),
	('e5c6a766-ff62-448f-ae13-02f82dcddcc0' , 'lenny', 'lenny@gmail.com', '123', 'Participant', 0),
	('c79e4f8e-138c-4ae8-a6b5-839ffe81637a' , 'sally', 'sally@gmail.com', '123', 'Participant', 0),
	('45d6f7d9-9373-4e40-af5e-bb799fa74e71' , 'ranny', 'ranny@gmail.com', '1234', 'Participant', 0),
	('6ea4cb39-4124-4cdd-a877-e62b86711cf8' , 'gary', 'gary@gmail.com', '1234', 'Participant', 0),
	('f08f6a44-b2da-4ee4-a58c-439d7bb610e5' , 'gamma', 'gamma@gmail.com', '1234', 'Participant', 0),
	('cf4aab22-7c09-4f14-89ae-7af7691098f8' , 'quinny', 'quinny@gmail.com', '123', 'Participant', 0),
	('7a4d2f5b-2d79-4d8d-b8b5-def36908a30f' , 'nancy', 'nancy@gmail.com', '1234', 'Participant', 0),
	('29655c9f-cd5c-4afd-a1d2-1d373616622e' , 'cindy', 'cindy@gmail.com', '1234', 'Participant', 0),
	('26d527e8-cbef-4a60-a057-fcf549ac6e58' , 'budy', 'budy@gmail.com', '123', 'Participant', 0),
	('3306f55a-6bfa-466b-a558-200fcd1d13be' , 'ivany', 'ivany@gmail.com', '123', 'Participant', 0),
	('74efe561-0e2f-4401-a81f-6934f0c86033' , 'denny', 'denny@gmail.com', '1234', 'Participant', 0),
	('6bd97b1f-af97-4027-ae59-078c99436c11' , 'Unity', 'unity@gmail.com', '1234', 'Participant', 0),
	('dad5fc12-17f4-4ba0-aaf4-840d0dbb0ca6' , 'harry', 'harry@gmail.com', '123', 'Participant', 0),
	('7fd61ce7-a04e-40f7-b164-fe0ee9e8b8a4' , 'xacky', 'xacky@gmail.com', '123', 'Participant', 0),
	('491601bd-4d1e-4fca-838b-5ef06e39bbf7' , 'zelly', 'zelly@gmail.com', '1234', 'Participant', 0)

insert into Profiles
values
	(NEWID(), '', NULL, '', '', '', '' , '84467d5d-843b-41f3-8146-fd76e298587b'),
	(NEWID(), '', NULL, '', '', '', '' , 'e696370a-69b8-4742-a6c6-2f33057bf5d5'),
	(NEWID(), '', NULL, '', '', '', '' , '730d03a2-c4b3-4be3-ac3b-57f1acb5ea3d'),
	(NEWID(), '', NULL, '', '', '', '' , 'c108add8-c40d-4fb5-8d7b-f948091856b2'),
	(NEWID(), '', NULL, '', '', '', '' , '2eb19b63-0d57-4201-b8f6-15a2bb9ebc9a'),
	(NEWID(), '', NULL, '', '', '', '' , 'e73d2348-c324-41bf-bd94-abc5a4b43529'),
	(NEWID(), '', NULL, '', '', '', '' , 'adb9f128-c310-48db-8e9f-aa66c07d77b5'),
	(NEWID(), '', NULL, '', '', '', '' , '425ce891-9fc4-4393-b29b-d220e75a89e7'),
	(NEWID(), '', NULL, '', '', '', '' , '1b6c06ce-1d7b-4090-971c-6d52c145cac8'),
	(NEWID(), '', NULL, '', '', '', '' , 'fa8f2a8a-1102-4ac9-897a-1a11cb877607'),
	(NEWID(), '', NULL, '', '', '', '' , '7b682342-651c-47d8-bdc5-d8c0fb34ee36'),
	(NEWID(), '', NULL, '', '', '', '' , 'd614db62-e5b9-4913-96a0-998c3b571391'),
	(NEWID(), '', NULL, '', '', '', '' , '8b102f21-9e8b-4576-84a4-0eac5b63fdf3'),
	(NEWID(), '', NULL, '', '', '', '' , '8f2c75b6-c33e-4ebd-9b98-a1680a2b2fcd'),
	(NEWID(), '', NULL, '', '', '', '' , 'b4273518-9bd4-476d-b8bc-787cada6ea38'),
	(NEWID(), '', NULL, '', '', '', '' , '0d88048a-9637-419e-9254-00a01377f964'),
	(NEWID(), '', NULL, '', '', '', '' , '68dd35ed-49cb-403b-89e4-53d3e6a76510'),
	(NEWID(), '', NULL, '', '', '', '' , 'e5c6a766-ff62-448f-ae13-02f82dcddcc0'),
	(NEWID(), '', NULL, '', '', '', '' , 'c79e4f8e-138c-4ae8-a6b5-839ffe81637a'),
	(NEWID(), '', NULL, '', '', '', '' , '45d6f7d9-9373-4e40-af5e-bb799fa74e71'),
	(NEWID(), '', NULL, '', '', '', '' , '6ea4cb39-4124-4cdd-a877-e62b86711cf8'),
	(NEWID(), '', NULL, '', '', '', '' , 'f08f6a44-b2da-4ee4-a58c-439d7bb610e5'),
	(NEWID(), '', NULL, '', '', '', '' , 'cf4aab22-7c09-4f14-89ae-7af7691098f8'),
	(NEWID(), '', NULL, '', '', '', '' , '7a4d2f5b-2d79-4d8d-b8b5-def36908a30f'),
	(NEWID(), '', NULL, '', '', '', '' , '29655c9f-cd5c-4afd-a1d2-1d373616622e'),
	(NEWID(), '', NULL, '', '', '', '' , '26d527e8-cbef-4a60-a057-fcf549ac6e58'),
	(NEWID(), '', NULL, '', '', '', '' , '3306f55a-6bfa-466b-a558-200fcd1d13be'),
	(NEWID(), '', NULL, '', '', '', '' , '74efe561-0e2f-4401-a81f-6934f0c86033'),
	(NEWID(), '', NULL, '', '', '', '' , '6bd97b1f-af97-4027-ae59-078c99436c11'),
	(NEWID(), '', NULL, '', '', '', '' , 'dad5fc12-17f4-4ba0-aaf4-840d0dbb0ca6'),
	(NEWID(), '', NULL, '', '', '', '' , '7fd61ce7-a04e-40f7-b164-fe0ee9e8b8a4'),
	(NEWID(), '', NULL, '', '', '', '' , '491601bd-4d1e-4fca-838b-5ef06e39bbf7')

go

insert into TransactionHeaders
values
	('33881925-c438-4e76-9eb4-415b3bd33e41', 'df0f35ef-9790-4e90-a2f3-a8399d85ffad', '730d03a2-c4b3-4be3-ac3b-57f1acb5ea3d', '2000-01-14', 'Input'),
	('29897be0-0db1-40c2-a021-e5c9688b4c81', 'c870d433-dfba-4bc9-9d83-1169471daf07', 'c108add8-c40d-4fb5-8d7b-f948091856b2', '2000-08-19', 'Input'),
	('b17d0630-120a-4afb-b466-a0cdfdd1ee0e', 'df0f35ef-9790-4e90-a2f3-a8399d85ffad', 'c108add8-c40d-4fb5-8d7b-f948091856b2', '2000-09-11', 'Input'),
	('57858c89-bd79-4dd2-829a-b3ae8527a89d', 'df0f35ef-9790-4e90-a2f3-a8399d85ffad', '730d03a2-c4b3-4be3-ac3b-57f1acb5ea3d', '2001-08-15', 'Input'),
	('32435a8b-3997-4c1d-8520-18e083d5a630', '4a2c0ee9-a422-4b62-80b9-b098672199f5', 'c108add8-c40d-4fb5-8d7b-f948091856b2', '2001-09-18', 'Input'),
	('334e49de-947c-445d-ac4f-67827c77f253', '4a2c0ee9-a422-4b62-80b9-b098672199f5', '2eb19b63-0d57-4201-b8f6-15a2bb9ebc9a', '2002-04-16', 'Input'),
	('e371f5ba-45b5-42cb-8e87-5152b1f20bb5', '2eb19b63-0d57-4201-b8f6-15a2bb9ebc9a', 'e6e0b714-ab17-40c4-bf49-a9c94d9a4433', '2002-06-18', 'Redeem'),
	('ec644bee-8a80-43be-a941-c4c165f96e04', 'df0f35ef-9790-4e90-a2f3-a8399d85ffad', '730d03a2-c4b3-4be3-ac3b-57f1acb5ea3d', '2002-08-14', 'Input'),
	('7857d4d6-2593-4437-9035-6b41a9ffe87d', '4a2c0ee9-a422-4b62-80b9-b098672199f5', 'c108add8-c40d-4fb5-8d7b-f948091856b2', '2002-09-13', 'Input'),
	('b3fb11c5-cd60-48ad-b8e5-44a0883148d4', '4a2c0ee9-a422-4b62-80b9-b098672199f5', '730d03a2-c4b3-4be3-ac3b-57f1acb5ea3d', '2002-09-17', 'Input'),
	('7ba004e8-17a7-4015-9c72-8feac47b1d61', 'c870d433-dfba-4bc9-9d83-1169471daf07', '730d03a2-c4b3-4be3-ac3b-57f1acb5ea3d', '2002-09-19', 'Input'),
	('eaae38c4-f576-4c1c-bdde-2f0b9d8d94cf', '4a2c0ee9-a422-4b62-80b9-b098672199f5', '2eb19b63-0d57-4201-b8f6-15a2bb9ebc9a', '2003-07-13', 'Input'),
	('2731a12c-d632-4cd8-a96f-d56573d5a313', 'df0f35ef-9790-4e90-a2f3-a8399d85ffad', 'c108add8-c40d-4fb5-8d7b-f948091856b2', '2003-07-14', 'Input'),
	('262ce0b1-7e81-416a-bae6-1cdacec97c6a', 'df0f35ef-9790-4e90-a2f3-a8399d85ffad', 'c108add8-c40d-4fb5-8d7b-f948091856b2', '2003-08-12', 'Input'),
	('a19dd345-115c-448a-9004-ffe7aec93f6f', '730d03a2-c4b3-4be3-ac3b-57f1acb5ea3d', 'e6e0b714-ab17-40c4-bf49-a9c94d9a4433', '2003-09-16', 'Redeem'),
	('50bb3d50-6b3f-4eca-a927-cfe3f3adfd65', '2eb19b63-0d57-4201-b8f6-15a2bb9ebc9a', 'e6e0b714-ab17-40c4-bf49-a9c94d9a4433', '2003-09-17', 'Redeem'),
	('8fa6c5f6-b676-460f-a8ba-ab8683489509', 'c870d433-dfba-4bc9-9d83-1169471daf07', '2eb19b63-0d57-4201-b8f6-15a2bb9ebc9a', '2004-06-19', 'Input'),
	('7d8d7990-b38f-4005-a72f-608f3a717745', '4a2c0ee9-a422-4b62-80b9-b098672199f5', '730d03a2-c4b3-4be3-ac3b-57f1acb5ea3d', '2004-08-15', 'Input'),
	('9ac3d3cd-4807-49cd-aff6-65172af0fc53', '4a2c0ee9-a422-4b62-80b9-b098672199f5', '2eb19b63-0d57-4201-b8f6-15a2bb9ebc9a', '2004-09-15', 'Input'),
	('c0491805-bf66-4ed8-be82-94d108697837', 'df0f35ef-9790-4e90-a2f3-a8399d85ffad', 'c108add8-c40d-4fb5-8d7b-f948091856b2', '2004-09-17', 'Input'),
	('92ce1755-0fa0-4385-ad5f-af0435994f7e', '2eb19b63-0d57-4201-b8f6-15a2bb9ebc9a', 'e6e0b714-ab17-40c4-bf49-a9c94d9a4433', '2005-02-12', 'Redeem'),
	('dd946f10-30f4-4ce1-bc41-44a5358686d8', 'df0f35ef-9790-4e90-a2f3-a8399d85ffad', 'c108add8-c40d-4fb5-8d7b-f948091856b2', '2005-02-12', 'Input'),
	('1c7baca6-c19d-42fc-aec3-7f64eb6325e7', 'df0f35ef-9790-4e90-a2f3-a8399d85ffad', '730d03a2-c4b3-4be3-ac3b-57f1acb5ea3d', '2005-03-16', 'Input'),
	('8888a70f-d894-40da-aac8-94375a6d52cb', '4a2c0ee9-a422-4b62-80b9-b098672199f5', '2eb19b63-0d57-4201-b8f6-15a2bb9ebc9a', '2005-04-11', 'Input'),
	('c468dcd4-4206-4bbe-a6fb-07d0eff42c85', 'df0f35ef-9790-4e90-a2f3-a8399d85ffad', 'c108add8-c40d-4fb5-8d7b-f948091856b2', '2005-04-16', 'Input'),
	('6aa742c1-322e-46af-9b0c-17da76973f57', 'df0f35ef-9790-4e90-a2f3-a8399d85ffad', '730d03a2-c4b3-4be3-ac3b-57f1acb5ea3d', '2005-05-16', 'Input'),
	('1dc482dd-82ee-4166-b450-f505397dbecc', 'c108add8-c40d-4fb5-8d7b-f948091856b2', 'e6e0b714-ab17-40c4-bf49-a9c94d9a4433', '2005-09-15', 'Redeem'),
	('4417e062-481c-4cf6-8efd-09a5108ac956', '4a2c0ee9-a422-4b62-80b9-b098672199f5', '2eb19b63-0d57-4201-b8f6-15a2bb9ebc9a', '2006-02-19', 'Input'),
	('ca49d83d-931a-4a2f-a0b3-4d9389a23286', 'df0f35ef-9790-4e90-a2f3-a8399d85ffad', '2eb19b63-0d57-4201-b8f6-15a2bb9ebc9a', '2006-06-19', 'Input'),
	('497749aa-cbb6-472b-9484-d40a5974d558', 'c870d433-dfba-4bc9-9d83-1169471daf07', '730d03a2-c4b3-4be3-ac3b-57f1acb5ea3d', '2006-09-12', 'Input'),
	('4a1631c3-a155-4cad-b814-2a7b5afb4965', 'df0f35ef-9790-4e90-a2f3-a8399d85ffad', 'c108add8-c40d-4fb5-8d7b-f948091856b2', '2007-07-15', 'Input'),
	('d4e4bfdc-31c0-4ce7-a72c-b3e965a26f17', 'c870d433-dfba-4bc9-9d83-1169471daf07', '2eb19b63-0d57-4201-b8f6-15a2bb9ebc9a', '2007-09-18', 'Input'),
	('54092fb8-0d10-440f-b598-a2fc8c28c138', '4a2c0ee9-a422-4b62-80b9-b098672199f5', '730d03a2-c4b3-4be3-ac3b-57f1acb5ea3d', '2007-09-18', 'Input'),
	('34bba057-2926-4849-a5ee-d5ba3eee9d6a', 'c108add8-c40d-4fb5-8d7b-f948091856b2', 'e6e0b714-ab17-40c4-bf49-a9c94d9a4433', '2007-09-18', 'Redeem'),
	('3489f01d-3339-49c6-85e2-15eb9a8d291f', 'c870d433-dfba-4bc9-9d83-1169471daf07', '2eb19b63-0d57-4201-b8f6-15a2bb9ebc9a', '2008-06-19', 'Input'),
	('5b0c8db2-a1f9-4d9d-b693-55de14535278', 'df0f35ef-9790-4e90-a2f3-a8399d85ffad', '730d03a2-c4b3-4be3-ac3b-57f1acb5ea3d', '2008-07-14', 'Input'),
	('a0205ed3-812f-4798-bde2-acdd2a1ab00b', '4a2c0ee9-a422-4b62-80b9-b098672199f5', 'c108add8-c40d-4fb5-8d7b-f948091856b2', '2008-08-17', 'Input'),
	('d5576a08-a4fc-4db2-b182-b734d5fe94fc', 'c870d433-dfba-4bc9-9d83-1169471daf07', '730d03a2-c4b3-4be3-ac3b-57f1acb5ea3d', '2009-07-17', 'Input'),
	('520344a3-56a1-4048-a647-cf73ccedb1ad', 'c870d433-dfba-4bc9-9d83-1169471daf07', 'c108add8-c40d-4fb5-8d7b-f948091856b2', '2009-08-19', 'Input'),
	('4b7d13f8-241b-4b41-b0dc-3ff094fcae56', 'df0f35ef-9790-4e90-a2f3-a8399d85ffad', '730d03a2-c4b3-4be3-ac3b-57f1acb5ea3d', '2009-08-19', 'Input'),
	('1f2d270e-1701-41e4-aced-dd1dbeb6c4ce', 'c108add8-c40d-4fb5-8d7b-f948091856b2', 'e6e0b714-ab17-40c4-bf49-a9c94d9a4433', '2009-09-16', 'Redeem'),
	('3d466f11-829f-428f-8cce-e78f249c32df', 'c870d433-dfba-4bc9-9d83-1169471daf07', '730d03a2-c4b3-4be3-ac3b-57f1acb5ea3d', '2010-07-18', 'Input'),
	('c2cbed50-173e-4a47-b28c-cb3bb1b23b3e', 'c870d433-dfba-4bc9-9d83-1169471daf07', '2eb19b63-0d57-4201-b8f6-15a2bb9ebc9a', '2010-09-14', 'Input'),
	('9727614f-8625-47fc-acb2-67bc1841fc5e', '4a2c0ee9-a422-4b62-80b9-b098672199f5', '730d03a2-c4b3-4be3-ac3b-57f1acb5ea3d', '2010-09-16', 'Input'),
	('a75dd787-2732-4dbd-a183-97ca12d49a62', 'c870d433-dfba-4bc9-9d83-1169471daf07', 'c108add8-c40d-4fb5-8d7b-f948091856b2', '2010-09-17', 'Input'),
	('f81d19f1-1ac6-477e-b2e4-1d3c8de70a23', 'c870d433-dfba-4bc9-9d83-1169471daf07', '730d03a2-c4b3-4be3-ac3b-57f1acb5ea3d', '2011-06-18', 'Input'),
	('362c49dd-1592-4eb1-befc-af29c4398aa3', '4a2c0ee9-a422-4b62-80b9-b098672199f5', 'c108add8-c40d-4fb5-8d7b-f948091856b2', '2011-08-13', 'Input'),
	('0704accf-a0f6-48f3-b233-fd422a27226b', 'df0f35ef-9790-4e90-a2f3-a8399d85ffad', '2eb19b63-0d57-4201-b8f6-15a2bb9ebc9a', '2012-03-16', 'Input'),
	('e52d836c-5b7a-4e56-9209-8d996dc25a4f', '2eb19b63-0d57-4201-b8f6-15a2bb9ebc9a', 'e6e0b714-ab17-40c4-bf49-a9c94d9a4433', '2012-03-17', 'Redeem'),
	('a7f30b3b-9b3d-4e03-8325-35ee9cab379f', 'c108add8-c40d-4fb5-8d7b-f948091856b2', 'e6e0b714-ab17-40c4-bf49-a9c94d9a4433', '2012-04-13', 'Redeem'),
	('7ac2accc-6ff8-4243-b72e-15ba31800fbc', '4a2c0ee9-a422-4b62-80b9-b098672199f5', '2eb19b63-0d57-4201-b8f6-15a2bb9ebc9a', '2012-06-16', 'Input'),
	('1c058d73-4575-421d-8079-415b640c44b9', 'c870d433-dfba-4bc9-9d83-1169471daf07', '2eb19b63-0d57-4201-b8f6-15a2bb9ebc9a', '2012-06-19', 'Input'),
	('16995582-b242-4700-afdf-ef2dbd9dbb2b', 'c870d433-dfba-4bc9-9d83-1169471daf07', 'c108add8-c40d-4fb5-8d7b-f948091856b2', '2012-08-16', 'Input'),
	('3a248ee2-2c71-4d9b-ae55-4df51a5a1313', '4a2c0ee9-a422-4b62-80b9-b098672199f5', '2eb19b63-0d57-4201-b8f6-15a2bb9ebc9a', '2012-09-17', 'Input'),
	('9261c679-12f3-429d-afaa-4dd2cc8c9260', 'df0f35ef-9790-4e90-a2f3-a8399d85ffad', '730d03a2-c4b3-4be3-ac3b-57f1acb5ea3d', '2013-07-19', 'Input'),
	('a3616876-b124-4202-bbd8-b7e383ecf91b', 'c870d433-dfba-4bc9-9d83-1169471daf07', '730d03a2-c4b3-4be3-ac3b-57f1acb5ea3d', '2013-09-16', 'Input'),
	('bf344535-6f57-44ad-aa87-16b984339cf2', 'c870d433-dfba-4bc9-9d83-1169471daf07', '2eb19b63-0d57-4201-b8f6-15a2bb9ebc9a', '2014-05-17', 'Input'),
	('2be33c9c-04ec-4ff1-9763-d440b29efe16', 'c870d433-dfba-4bc9-9d83-1169471daf07', '2eb19b63-0d57-4201-b8f6-15a2bb9ebc9a', '2014-07-11', 'Input'),
	('b4a310ba-4b75-4689-b0f6-f10354d032bd', '4a2c0ee9-a422-4b62-80b9-b098672199f5', '2eb19b63-0d57-4201-b8f6-15a2bb9ebc9a', '2014-08-16', 'Input'),
	('bf30ccbf-6107-453a-849f-9a43d1fb87f1', 'c870d433-dfba-4bc9-9d83-1169471daf07', '2eb19b63-0d57-4201-b8f6-15a2bb9ebc9a', '2014-09-14', 'Input'),
	('a30d35f5-2292-4b0f-a660-1cd0ad682a07', '730d03a2-c4b3-4be3-ac3b-57f1acb5ea3d', 'e6e0b714-ab17-40c4-bf49-a9c94d9a4433', '2014-09-14', 'Redeem'),
	('eafebc80-ad9b-4483-9002-d9accb48c648', '730d03a2-c4b3-4be3-ac3b-57f1acb5ea3d', 'e6e0b714-ab17-40c4-bf49-a9c94d9a4433', '2015-02-13', 'Redeem'),
	('25f25d2e-eb72-465b-a1b4-7cb1da9781ac', 'c870d433-dfba-4bc9-9d83-1169471daf07', '730d03a2-c4b3-4be3-ac3b-57f1acb5ea3d', '2015-06-14', 'Input'),
	('fd208b76-6485-4d83-8784-2515601866bb', 'c870d433-dfba-4bc9-9d83-1169471daf07', '730d03a2-c4b3-4be3-ac3b-57f1acb5ea3d', '2015-08-13', 'Input'),
	('f943e312-8682-405e-a1da-b9d3192cdbc9', '4a2c0ee9-a422-4b62-80b9-b098672199f5', 'c108add8-c40d-4fb5-8d7b-f948091856b2', '2015-08-14', 'Input'),
	('706d41c9-486f-4fcb-af10-b816fa45573e', '4a2c0ee9-a422-4b62-80b9-b098672199f5', '730d03a2-c4b3-4be3-ac3b-57f1acb5ea3d', '2015-09-16', 'Input'),
	('9b073e38-b2a6-4af7-ad0d-b7f0e671f155', 'c870d433-dfba-4bc9-9d83-1169471daf07', '2eb19b63-0d57-4201-b8f6-15a2bb9ebc9a', '2016-03-11', 'Input'),
	('79aad2dc-60b3-461d-a265-5a56c69c059d', 'c870d433-dfba-4bc9-9d83-1169471daf07', '2eb19b63-0d57-4201-b8f6-15a2bb9ebc9a', '2016-05-19', 'Input'),
	('17f3c42b-72b1-4e99-bfb1-e8e17831dd0a', '730d03a2-c4b3-4be3-ac3b-57f1acb5ea3d', 'e6e0b714-ab17-40c4-bf49-a9c94d9a4433', '2016-09-12', 'Redeem'),
	('877cbe68-4114-4858-8150-3e97845333a4', '4a2c0ee9-a422-4b62-80b9-b098672199f5', '730d03a2-c4b3-4be3-ac3b-57f1acb5ea3d', '2016-09-12', 'Input'),
	('700f69cd-e729-4002-a8c3-6d75ab5f372c', 'df0f35ef-9790-4e90-a2f3-a8399d85ffad', '2eb19b63-0d57-4201-b8f6-15a2bb9ebc9a', '2016-09-16', 'Input'),
	('d5ea58c1-0752-4b2d-9078-d05a119b667a', 'df0f35ef-9790-4e90-a2f3-a8399d85ffad', '730d03a2-c4b3-4be3-ac3b-57f1acb5ea3d', '2016-09-16', 'Input'),
	('bc9a8371-a7b2-4b32-acbb-82382247f095', 'c870d433-dfba-4bc9-9d83-1169471daf07', 'c108add8-c40d-4fb5-8d7b-f948091856b2', '2016-09-17', 'Input'),
	('c9a4ece1-89a6-40df-85dd-6fee63e65eda', 'c108add8-c40d-4fb5-8d7b-f948091856b2', 'e6e0b714-ab17-40c4-bf49-a9c94d9a4433', '2017-08-15', 'Redeem'),
	('0ac89794-0f24-4ac0-92e5-f2151b71c2a6', 'c108add8-c40d-4fb5-8d7b-f948091856b2', 'e6e0b714-ab17-40c4-bf49-a9c94d9a4433', '2018-07-15', 'Redeem'),
	('54c237bd-fcde-4bb8-a98b-b4c72215434f', '2eb19b63-0d57-4201-b8f6-15a2bb9ebc9a', 'e6e0b714-ab17-40c4-bf49-a9c94d9a4433', '2018-09-11', 'Redeem'),
	('c111ed25-16f9-46cf-8950-35d6cb82066f', '4a2c0ee9-a422-4b62-80b9-b098672199f5', '2eb19b63-0d57-4201-b8f6-15a2bb9ebc9a', '2018-09-14', 'Input'),
	('3db75a74-4080-4748-8b50-5963bd103c53', 'c870d433-dfba-4bc9-9d83-1169471daf07', '730d03a2-c4b3-4be3-ac3b-57f1acb5ea3d', '2018-09-15', 'Input'),
	('e2ec0780-1f61-411f-9e6f-c9a5af592d3c', 'c870d433-dfba-4bc9-9d83-1169471daf07', '2eb19b63-0d57-4201-b8f6-15a2bb9ebc9a', '2019-01-13', 'Input'),
	('23f0ad65-2940-48ea-a1d7-473cf5c49f05', '4a2c0ee9-a422-4b62-80b9-b098672199f5', 'c108add8-c40d-4fb5-8d7b-f948091856b2', '2019-05-11', 'Input'),
	('b3c9c405-84b9-4834-825a-ba209aec488c', 'c870d433-dfba-4bc9-9d83-1169471daf07', '730d03a2-c4b3-4be3-ac3b-57f1acb5ea3d', '2019-09-19', 'Input'),
	('2a9a3c49-a90d-406d-89e6-79b635119a10', 'df0f35ef-9790-4e90-a2f3-a8399d85ffad', 'c108add8-c40d-4fb5-8d7b-f948091856b2', '2019-09-19', 'Input'),
	('40ba9bec-f020-4ff9-9943-b194419661f1', '4a2c0ee9-a422-4b62-80b9-b098672199f5', '730d03a2-c4b3-4be3-ac3b-57f1acb5ea3d', '2020-02-16', 'Input'),
	('51f51056-49cf-4030-92f0-b7eac731db2c', 'c108add8-c40d-4fb5-8d7b-f948091856b2', 'e6e0b714-ab17-40c4-bf49-a9c94d9a4433', '2020-06-17', 'Redeem'),
	('d275a164-f24a-4ce8-b2dc-f3dd2c293d1b', '4a2c0ee9-a422-4b62-80b9-b098672199f5', 'c108add8-c40d-4fb5-8d7b-f948091856b2', '2020-08-11', 'Input'),
	('3b5a8e92-3bf9-4f75-9662-5f54bc1f8499', 'df0f35ef-9790-4e90-a2f3-a8399d85ffad', '730d03a2-c4b3-4be3-ac3b-57f1acb5ea3d', '2020-09-12', 'Input'),
	('0d2b6fe3-91c8-4db7-91c0-24b2e86c8b51', 'df0f35ef-9790-4e90-a2f3-a8399d85ffad', 'c108add8-c40d-4fb5-8d7b-f948091856b2', '2021-02-15', 'Input'),
	('4438c51d-e020-4622-9703-c90a4bde1ef8', 'c870d433-dfba-4bc9-9d83-1169471daf07', '2eb19b63-0d57-4201-b8f6-15a2bb9ebc9a', '2021-05-15', 'Input'),
	('0f515165-d208-4b8b-a36c-52993912367b', 'df0f35ef-9790-4e90-a2f3-a8399d85ffad', 'c108add8-c40d-4fb5-8d7b-f948091856b2', '2021-08-15', 'Input'),
	('7f29529a-00bc-4fb5-b66c-6e565f43dd20', 'c870d433-dfba-4bc9-9d83-1169471daf07', '730d03a2-c4b3-4be3-ac3b-57f1acb5ea3d', '2021-09-15', 'Input'),
	('7c12862c-e175-44f9-afb2-588a91c385e2', '4a2c0ee9-a422-4b62-80b9-b098672199f5', 'c108add8-c40d-4fb5-8d7b-f948091856b2', '2022-03-11', 'Input'),
	('427d8a38-1c15-4b2d-a02e-8faa41e098b9', 'c870d433-dfba-4bc9-9d83-1169471daf07', '730d03a2-c4b3-4be3-ac3b-57f1acb5ea3d', '2022-09-13', 'Input'),
	('26b7c4cf-3607-40b6-a250-59890861d6c2', 'df0f35ef-9790-4e90-a2f3-a8399d85ffad', 'c108add8-c40d-4fb5-8d7b-f948091856b2', '2022-09-15', 'Input'),
	('17b8240a-6dc0-4fd3-ae56-fa03ef0f2b9e', 'c870d433-dfba-4bc9-9d83-1169471daf07', '2eb19b63-0d57-4201-b8f6-15a2bb9ebc9a', '2023-03-17', 'Input'),
	('1ef71090-e32c-452d-aef0-7908df506aea', '4a2c0ee9-a422-4b62-80b9-b098672199f5', '2eb19b63-0d57-4201-b8f6-15a2bb9ebc9a', '2023-06-18', 'Input'),
	('23c5f516-dcef-4d4a-bc84-5d6692620527', 'df0f35ef-9790-4e90-a2f3-a8399d85ffad', '730d03a2-c4b3-4be3-ac3b-57f1acb5ea3d', '2023-06-18', 'Input'),
	('15007368-f8ef-46fa-891b-6e32ad5d13c4', 'c870d433-dfba-4bc9-9d83-1169471daf07', '2eb19b63-0d57-4201-b8f6-15a2bb9ebc9a', '2023-06-19', 'Input'),
	('f61339f3-efc9-4d83-9fcb-fea5b6c97b1a', '2eb19b63-0d57-4201-b8f6-15a2bb9ebc9a', 'e6e0b714-ab17-40c4-bf49-a9c94d9a4433', '2023-06-19', 'Redeem'),
	('2518151e-d30f-4b42-b45c-4c3563161c09', '4a2c0ee9-a422-4b62-80b9-b098672199f5', '730d03a2-c4b3-4be3-ac3b-57f1acb5ea3d', '2023-07-11', 'Input'),
	('0fc970ac-756f-4e65-8726-63cc084616b6', '4a2c0ee9-a422-4b62-80b9-b098672199f5', 'c108add8-c40d-4fb5-8d7b-f948091856b2', '2023-09-19', 'Input')

insert into TransactionDetails
values
	('33881925-c438-4e76-9eb4-415b3bd33e41', 323, 323),
	('29897be0-0db1-40c2-a021-e5c9688b4c81', 250, 250),
	('b17d0630-120a-4afb-b466-a0cdfdd1ee0e', 351, 601),
	('57858c89-bd79-4dd2-829a-b3ae8527a89d', 8, 331),
	('32435a8b-3997-4c1d-8520-18e083d5a630', 29, 630),
	('334e49de-947c-445d-ac4f-67827c77f253', 419, 419),
	('e371f5ba-45b5-42cb-8e87-5152b1f20bb5', -97, 322),
	('ec644bee-8a80-43be-a941-c4c165f96e04', 304, 635),
	('7857d4d6-2593-4437-9035-6b41a9ffe87d', 29, 659),
	('b3fb11c5-cd60-48ad-b8e5-44a0883148d4', 230, 865),
	('7ba004e8-17a7-4015-9c72-8feac47b1d61', 280, 1145),
	('eaae38c4-f576-4c1c-bdde-2f0b9d8d94cf', 352, 674),
	('2731a12c-d632-4cd8-a96f-d56573d5a313', 445, 1104),
	('262ce0b1-7e81-416a-bae6-1cdacec97c6a', 79, 1183),
	('a19dd345-115c-448a-9004-ffe7aec93f6f', -742, 403),
	('50bb3d50-6b3f-4eca-a927-cfe3f3adfd65', -554, 120),
	('8fa6c5f6-b676-460f-a8ba-ab8683489509', 179, 299),
	('7d8d7990-b38f-4005-a72f-608f3a717745', 156, 559),
	('9ac3d3cd-4807-49cd-aff6-65172af0fc53', 475, 774),
	('c0491805-bf66-4ed8-be82-94d108697837', 3, 1186),
	('92ce1755-0fa0-4385-ad5f-af0435994f7e', -642, 132),
	('dd946f10-30f4-4ce1-bc41-44a5358686d8', 314, 1500),
	('1c7baca6-c19d-42fc-aec3-7f64eb6325e7', 27, 586),
	('8888a70f-d894-40da-aac8-94375a6d52cb', 409, 541),
	('c468dcd4-4206-4bbe-a6fb-07d0eff42c85', 426, 1926),
	('6aa742c1-322e-46af-9b0c-17da76973f57', 110, 696),
	('1dc482dd-82ee-4166-b450-f505397dbecc', -1916, 10),
	('4417e062-481c-4cf6-8efd-09a5108ac956', 221, 762),
	('ca49d83d-931a-4a2f-a0b3-4d9389a23286', 108, 870),
	('497749aa-cbb6-472b-9484-d40a5974d558', 244, 940),
	('4a1631c3-a155-4cad-b814-2a7b5afb4965', 224, 234),
	('d4e4bfdc-31c0-4ce7-a72c-b3e965a26f17', 163, 1033),
	('54092fb8-0d10-440f-b598-a2fc8c28c138', 108, 1048),
	('34bba057-2926-4849-a5ee-d5ba3eee9d6a', -226, 8),
	('3489f01d-3339-49c6-85e2-15eb9a8d291f', 40, 1073),
	('5b0c8db2-a1f9-4d9d-b693-55de14535278', 273, 1321),
	('a0205ed3-812f-4798-bde2-acdd2a1ab00b', 432, 440),
	('d5576a08-a4fc-4db2-b182-b734d5fe94fc', 84, 1405),
	('520344a3-56a1-4048-a647-cf73ccedb1ad', 142, 582),
	('4b7d13f8-241b-4b41-b0dc-3ff094fcae56', 143, 1548),
	('1f2d270e-1701-41e4-aced-dd1dbeb6c4ce', -291, 291),
	('3d466f11-829f-428f-8cce-e78f249c32df', 3, 1551),
	('c2cbed50-173e-4a47-b28c-cb3bb1b23b3e', 313, 1386),
	('9727614f-8625-47fc-acb2-67bc1841fc5e', 387, 1938),
	('a75dd787-2732-4dbd-a183-97ca12d49a62', 72, 363),
	('f81d19f1-1ac6-477e-b2e4-1d3c8de70a23', 365, 2303),
	('362c49dd-1592-4eb1-befc-af29c4398aa3', 476, 839),
	('0704accf-a0f6-48f3-b233-fd422a27226b', 360, 1746),
	('e52d836c-5b7a-4e56-9209-8d996dc25a4f', -252, 1494),
	('a7f30b3b-9b3d-4e03-8325-35ee9cab379f', -277, 562),
	('7ac2accc-6ff8-4243-b72e-15ba31800fbc', 159, 1653),
	('1c058d73-4575-421d-8079-415b640c44b9', 209, 1862),
	('16995582-b242-4700-afdf-ef2dbd9dbb2b', 391, 953),
	('3a248ee2-2c71-4d9b-ae55-4df51a5a1313', 383, 2245),
	('9261c679-12f3-429d-afaa-4dd2cc8c9260', 71, 2374),
	('a3616876-b124-4202-bbd8-b7e383ecf91b', 115, 2489),
	('bf344535-6f57-44ad-aa87-16b984339cf2', 320, 2565),
	('2be33c9c-04ec-4ff1-9763-d440b29efe16', 273, 2838),
	('b4a310ba-4b75-4689-b0f6-f10354d032bd', 216, 3054),
	('bf30ccbf-6107-453a-849f-9a43d1fb87f1', 368, 3422),
	('a30d35f5-2292-4b0f-a660-1cd0ad682a07', -2004, 485),
	('eafebc80-ad9b-4483-9002-d9accb48c648', -1, 484),
	('25f25d2e-eb72-465b-a1b4-7cb1da9781ac', 25, 509),
	('fd208b76-6485-4d83-8784-2515601866bb', 317, 826),
	('f943e312-8682-405e-a1da-b9d3192cdbc9', 349, 1302),
	('706d41c9-486f-4fcb-af10-b816fa45573e', 444, 1270),
	('9b073e38-b2a6-4af7-ad0d-b7f0e671f155', 484, 3906),
	('79aad2dc-60b3-461d-a265-5a56c69c059d', 325, 4231),
	('17f3c42b-72b1-4e99-bfb1-e8e17831dd0a', -635, 635),
	('877cbe68-4114-4858-8150-3e97845333a4', 254, 889),
	('700f69cd-e729-4002-a8c3-6d75ab5f372c', 302, 4533),
	('d5ea58c1-0752-4b2d-9078-d05a119b667a', 200, 1089),
	('bc9a8371-a7b2-4b32-acbb-82382247f095', 153, 1455),
	('c9a4ece1-89a6-40df-85dd-6fee63e65eda', -251, 1204),
	('0ac89794-0f24-4ac0-92e5-f2151b71c2a6', -499, 705),
	('54c237bd-fcde-4bb8-a98b-b4c72215434f', -4120, 413),
	('c111ed25-16f9-46cf-8950-35d6cb82066f', 485, 898),
	('3db75a74-4080-4748-8b50-5963bd103c53', 291, 1380),
	('e2ec0780-1f61-411f-9e6f-c9a5af592d3c', 388, 1286),
	('23f0ad65-2940-48ea-a1d7-473cf5c49f05', 234, 939),
	('b3c9c405-84b9-4834-825a-ba209aec488c', 476, 1856),
	('2a9a3c49-a90d-406d-89e6-79b635119a10', 455, 1394),
	('40ba9bec-f020-4ff9-9943-b194419661f1', 150, 2006),
	('51f51056-49cf-4030-92f0-b7eac731db2c', -1152, 242),
	('d275a164-f24a-4ce8-b2dc-f3dd2c293d1b', 23, 265),
	('3b5a8e92-3bf9-4f75-9662-5f54bc1f8499', 215, 2221),
	('0d2b6fe3-91c8-4db7-91c0-24b2e86c8b51', 106, 371),
	('4438c51d-e020-4622-9703-c90a4bde1ef8', 197, 1483),
	('0f515165-d208-4b8b-a36c-52993912367b', 218, 589),
	('7f29529a-00bc-4fb5-b66c-6e565f43dd20', 487, 2708),
	('7c12862c-e175-44f9-afb2-588a91c385e2', 491, 1080),
	('427d8a38-1c15-4b2d-a02e-8faa41e098b9', 67, 2775),
	('26b7c4cf-3607-40b6-a250-59890861d6c2', 417, 1497),
	('17b8240a-6dc0-4fd3-ae56-fa03ef0f2b9e', 401, 1884),
	('1ef71090-e32c-452d-aef0-7908df506aea', 349, 2233),
	('23c5f516-dcef-4d4a-bc84-5d6692620527', 58, 2833),
	('15007368-f8ef-46fa-891b-6e32ad5d13c4', 166, 2399),
	('f61339f3-efc9-4d83-9fcb-fea5b6c97b1a', -849, 1550),
	('2518151e-d30f-4b42-b45c-4c3563161c09', 24, 2857),
	('0fc970ac-756f-4e65-8726-63cc084616b6', 435, 1932)
